Location,Price
C駅,6.8
A駅,4.7
A駅,4.9
B駅,9.0
C駅,7.1
B駅,9.0
C駅,7.0
C駅,7.1
C駅,6.8
B駅,8.7
B駅,9.2
B駅,9.4
A駅,5.3
C駅,7.2
B駅,9.1
B駅,8.9
C駅,7.2
A駅,4.9
B駅,8.9
A駅,4.8
B駅,9.1
A駅,5.1
B駅,9.1
B駅,9.0
A駅,5.0
A駅,4.7
A駅,4.5
C駅,7.0
A駅,5.2
A駅,5.1
C駅,7.0
B駅,8.9
A駅,4.9
B駅,8.9
C駅,7.2
C駅,7.1
C駅,7.0
A駅,4.9
B駅,9.0
A駅,5.3
A駅,5.1
C駅,7.0
C駅,7.1
C駅,6.9
B駅,8.9
B駅,8.7
B駅,8.9
C駅,7.1
A駅,5.2
B駅,9.2
B駅,8.9
A駅,5.0
B駅,9.3
A駅,4.7
B駅,8.8
B駅,8.7
B駅,9.2
A駅,5.0
A駅,5.1
C駅,7.0
B駅,9.1
C駅,7.3
B駅,9.1
A駅,5.0
B駅,9.1
B駅,9.0
A駅,4.9
B駅,8.9
A駅,5.0
C駅,7.0
A駅,4.9
B駅,9.1
C駅,6.9
A駅,5.1
A駅,5.0
C駅,7.3
C駅,7.5
C駅,7.0
C駅,6.7
A駅,5.0
B駅,9.1
A駅,5.1
A駅,5.1
C駅,7.2
A駅,5.1
A駅,4.7
A駅,5.2
B駅,8.8
C駅,6.9
A駅,4.9
A駅,4.9
C駅,6.8
B駅,9.3
C駅,7.0
C駅,7.2
A駅,5.1
C駅,6.9
B駅,8.7
C駅,7.4
C駅,7.0
A駅,5.0
A駅,4.9
C駅,7.0
B駅,8.4
A駅,5.0
B駅,9.3
B駅,9.3
B駅,9.3
A駅,5.0
C駅,7.0
B駅,9.1
C駅,7.0
B駅,8.9
C駅,7.1
B駅,9.3
A駅,4.8
C駅,6.8
C駅,6.9
C駅,7.0
C駅,7.1
